<?xml version="1.0" encoding="utf-8"?>
<layer-list xmlns:android="http://schemas.android.com/apk/res/android">
    <item>
        <shape android:shape="rectangle">
            <solid android:color="@android:color/white" />
        </shape>
    </item>
    <item
        android:left="10dp"
        android:right="10dp">
        <shape android:shape="rectangle">
            <solid android:color="@android:color/black" />
        </shape>
    </item>
    <item
        android:top="10dp"
        android:bottom="10dp">
        <shape android:shape="rectangle">
            <solid android:color="@android:color/black" />
        </shape>
    </item>
    <item
        android:left="2dp"
        android:right="2dp"
        android:bottom="2dp"
        android:top="2dp">
        <shape android:shape="rectangle">
            <solid android:color="@android:color/black" />
        </shape>
    </item>
</layer-list>